count	nama_komoditas
403	Padi
394	Jagung
378	Ayam
364	Sapi
315	Perikanan
298	Cabai
285	Kambing
274	Pisang
259	Ubi Kayu
222	Bebek
189	Ubi Jalar
181	Tomat
168	Itik
163	Kacang Tanah
137	Mangga
121	Tanaman Obat
112	Babi
109	Alpukat
104	Kerbau
96	Bawang
93	Kacang Hijau
82	Domba
79	Kedelai
64	Melon
48	Kentang
45	Umkm
40	Agen Gas
40	Kios Sembako
30	Pertanian
28	Gerai Sembako
28	Kakao
25	Ayam Petelur
25	Pariwisata
25	Token Listrik
22	UMKM
21	Kelapa Sawit
21	Penjualan Sembako
21	Perbengkelan
20	Nelayan Pesisir Dan Laut Dalam
19	Kelapa
19	Sawit
19	Sembako
16	Karet
15	Beras
15	Beras Sphp Bulog
15	Kopi
14	Gula Pasir
14	Pangkalan Gas Lpg 3 Kg
14	Penjualan Gas Lpg Tabung 3 Kg
14	Sayur Kacang Panjang
13	Bahan Bakar Minyak
13	Bawang Merah
13	Cabe
13	Gas Lpg
13	Ikan Laut
13	Kebun Cengkeh
13	Kelapa Sawit Perkebunan Rakyat
13	Kopra
13	Perdagangan Minyak Goreng
13	Peternakan Sapi
13	Sembako Murah
12	Durian
12	Gerai Sembako Dan Berbagai Macam Kebutyhan Rumah Tangga
12	Kebun Pala
12	Pertukangan
11	Pertanian Padi
10	Ayam Kampung
10	Beras Sphp
10	Cabai Rawit
10	Depot Air Isi Ulang
10	Kebun Sawit
10	Kelapa Dalam
10	Lahan Sawit
10	Padi Sawah
10	Ternak Babi
10	Warung Sembako
9	Kebun Karet
9	Kebun Kelapa
9	Lada
9	Mentimun/Timun/Ketimun
9	Minyak Goreng
9	Pangkalan Gas Elpiji
9	Pengelola Jasa Kendaraan Roda Dua (2) Ojek Pangkalan
9	Perkebunan Sawit Rakyat
9	Peternakan Kambing
8	Kue
8	Penjualan Beras
8	Perdagangan Beras
8	Perkebunan Dan Tanaman Produktif
8	Peternakan Ayam Kampung
8	Singkong
7	Distributor Beras
7	Grai Gas Lpg 3 Kg
7	Gula Merah
7	Kebun Jagung
7	Konveksi
7	Koperasi Simpan Pinjam
7	Pabrik Tahu Dan Tempe
7	Pertanian Dan Perkebunan
7	Sayuran
7	Simpan Pinjam
7	Wisata Pantai
6	Air Mineral Dalam Kemasan
6	Ayam Broiler
6	Buah Durian
6	Budi Daya Ikan Lele
6	Cabai Keriting
6	Cengkeh
6	Grosir Bahan Sembako
6	Gula Aren
6	Gula Pasir Curah
6	Hasil Hutan Kayu
6	Hasil Perkebunan Dan Pertanian
6	Ikan Laut Segar
6	Minyak Kita
6	Nelayan Perikanan Laut
6	Nilam
6	Padi Ladang
6	Pedagang Umkm
6	Petani Sayur
6	Semangka
6	Tebu
6	Tembakau
6	Terong
6	Warung Makan
5	Apotek Desa
5	Apotik
5	Bengkel Motor
5	Beras Lokal
5	Distribusi Penjualan Gas Elpiji
5	Ekonomi Kreatif Kerajinan
5	Foto Copy Atk
5	Gerai Sembako Bulog Id Food
5	Gerai Sembako Dan Lain Lain
5	Hasil Tangkapan Ikan
5	Ikan Asin
5	Isi Ulang Air Minum
5	Jagung Manis
5	Kangkung
5	Kebun Kopi
5	Kelapa Buah
5	Kelapa Kopra
5	Lpg 3 Kg
5	Mie Instant
5	Pala
5	Pariwisata Pesisir
5	Pasar Tradisional Sayuran Buah Makanan Minuman Pedagang Kaki Lima
5	Pelaku Umkm
5	Perdagangan Dan Umkm
5	Perdagangan Eceran Pupuk Subsidi Dan Non Subsidi
5	Perkebunan Karet Hasil Getah Karet
5	Perkebunan Kelapa Kampung
5	Perkebunan Kelapa Sawit
5	Persawahan
5	Petani Pembibitan Kelapa Sawit
5	Peternakan Dan Perikanan
5	Pohon Pisang
5	Rumput Laut
5	Sayur Sayuran
5	Sektor Umkm Perdagangan
5	Sub Pangkalan Lpg Pertamina Patra Niaga
5	Telur Ayam
5	Usaha Pedagang Kaki Lima Kios Warung Dan Toko
5	Usaha Perikanan Tangkap
5	Usaha Rumah Kos Dan Penginapan
4	Agen Laku Pandai
4	Agen Pembayaran Dan Pulsa
4	Agen Pos Logistik
4	Agen Rpk Perusahaan Umum Bulog
4	Aneka Produk Minyak Goreng
4	Ayam Potong Dan Telur
4	Budidaya Ayam Petelur
4	Budi Daya Rumput Laut
4	Cokelat
4	Cold Storage
4	Eceran Sembako Dan Kebutuhan Rumah Tanggal Lainnya
4	Frozen Food
4	Hasil Pertanian Kacang Panjang Kacang Buncis Dan Timun
4	Industri Air Minum Isi Ulang
4	Jasa Laundry
4	Jasa Pembayaran Pajak Kendaraan Bermotor
4	Jengkol
4	Jual Beli Buah Kelapa Sawit
4	Jual Jasa Internet
4	Kebutuhan Minyak Goreng
4	Kelapa Lokal
4	Kios Pupuk Subsidi Dan Non Subsidi
4	Klinik Desa
4	Kolam Ikan
4	Kopra Atau Kelapa
4	Manggis
4	Minyak Sayur
4	Mitra
4	Nelayan Tangkap
4	Palawija
4	Penggilingan Padi
4	Penjualan Bbm
4	Perdagangan
4	Perdagangan Eceran Bahan Bakar Minyak Pertalite Partamax
4	Perdagangan Eceran Hasil Perikanan
4	Perdagangan Sembako
4	Perkebebunan Karet
4	Pertambangan
4	Pertanian Sayur Mayur
4	Petani Holtikultura
4	Petani Kopi Robusta Arabika
4	Petani Sawah Padi
4	Petani Sawit
4	Peternakan Ayam Petelur
4	Pohon Kelapa
4	Produk Makanan
4	Pupuk
4	Rumah Kost
4	Telur
4	Tepung Terigu
4	Ternak Bebek Petelur
4	Toko Kelontong
4	Udang
4	Umkm Camilan Khas Daerah
4	Umkm Jajanan Kaki Lima
4	Unit Simpan Pinjam Koperasi Primer
4	Usaha Kecil Menengah
4	Usaha Perikanan
4	Usaha Sembako Kelontong
4	Warung Kedai Makanan Minuman
4	Wifi Rt Net
3	Agen Brilink Pt Bank Rakyat Indonesia Tbk
3	Agen Elpiji
3	Agen Gas Lpg 3 Kg Bumdesa
3	Agen Lpg
3	Agen Penjual Lpg Warung Toko Supermarket Penjual Gas Keliling
3	Agen Penjual Minyak Tanah Termasuk Penjual Minyak Tanah Keliling
3	Aneka Jenis Umkm
3	Aneka Sayuran Cabai Terong Sawi Labu Kacang Panjang
3	Ayam Petelur Skala Desa
3	Bahan Bakar Minyak Untuk Nelayan
3	Bakso Mie Ayam
3	Bank Sampah
3	Barang Konsumsi Di Gerai Sembako
3	Barbershop Atau Salon
3	Bayam
3	Belihara Ternak Babi
3	Bengkel
3	Bengkel Las
3	Beras Balikpapan
3	Beras Fs
3	Beras Medium
3	Beras Premium Bulog
3	Bisnis Lpg 3 Kg Minyak Tanah
3	Buah Rambutan
3	Buah Semangka
3	Budidaya Ikan Air Tawar Kolam Petani Ikan Air Tawar
3	Bulog
3	Cafe
3	Cafe Resto
3	Daur Ulang Sampah Plastik
3	Galian C
3	Galon Air Minum
3	Gambas
3	Gas Elpiji
3	Gerai Pos
3	Gerai Sembako Dan Ayam Petelur
3	Hasil Cengkeh
3	Holtikultura
3	Ikan Asap
3	Ikan Bandeng
3	Ikan Teri Kering
3	Jagung Hibrida
3	Jahe Merah
3	Jasa Sarana Produksi Penangkapan Ikan Di Laut
3	Jual Beli Sawit
3	Jumlah Kk
3	Kakao Coklat
3	Kebutuhan Rumah Tangga
3	Kelapa Sawit Rakyat
3	Kios Sembako Bbm Eceran Minyak Tanah
3	Konsumsi Beras
3	Kopi Kapal Api Silver
3	Kopi Lokal
3	Kopi Sachet
3	Kulit Manis
3	Lain Lain
3	Laundry Dan Kebersihan
3	Materai
3	Mebel Kayu Kusen Kayu Dll
3	Minimarket Koperasi Merah Putih
3	Minyak Goreng Mitra 2 Liter
3	Mitra Mbg
3	Nelayan Tradisional
3	Pakan Ternak
3	Pangkalan Minyak Khusus Solar Subsidi
3	Pasar Rakyat
3	Pasar Tradisional
3	Pedangang Pasar
3	Pembuatan Batako
3	Pengecer Pupuk Bersubsidi
3	Perdaganagan Eceran Gas Elpiji
3	Perikanan Benih Ikan Nila
3	Perikanan Dan Kelautan
3	Perikanan Tambak
3	Perkantoran Pemeritah
3	Perkebunan Masyarakat
3	Pertanian Cabai Dan Sayur Sayuran
3	Petani Coklat
3	Petani Kopra
3	Petani Singkong
3	Peternakan Ayam Bebek Kambing Sapi
3	Pln Agen Pt Perusahaan Listrik Negara Persero Pembayaran Ppob
3	Pohon Cengkeh
3	Pohon Pala
3	Rambutan
3	Rotan
3	Rumah Makan
3	Sapi Ternak
3	Sawah
3	Sawi
3	Sayur Sawi
3	Sembako Produk Umkm Dan Jasa
3	Tabung Gas
3	Tambak Udang
3	Ternak Kambing Domba
3	Ternak Sapi Potong
3	Toko Alat Tulis Fotocopy
3	Toko Bangunan
3	Toko Sembako
3	Umkm Sembako
3	Umkm Tempe Dan Tahu
3	Usaha Bengkel Las
3	Usaha Kerajinan Abon Ikan
3	Warung Nasi
2	45 Rumah Warung Makan Kbli 56102
2	Agen Bri Link
2	Agen Brilink Living Mandiri Bsi Bni
2	Agen Penjualan Tiket Jasa Transportasi Laut Dan Udara
2	Agen Penyaluran Minyak Tanah
2	Agen Pos
2	Agrowisata
2	Air Bersih
2	Air Minum
2	Air Minum Kemasan
2	Anyaman Noken
2	Ayam Kampung Petelur Dan Pedaging
2	Ayam Pedaging
2	Ayam Potong
2	Bebek Petelur
2	Bengkel Las Dan Meubel
2	Bengkel Motor Dan Mobil
2	Beragam Pisang
2	Beras 2 Jempol
2	Beras Jagung Kacang Kopi Dan Palawija Lainnya
2	Buah Kolang Kaling
2	Buah Manggis
2	Buah Nenas
2	Budidaya Dan Jual Beli Ikan Mujair Nila Bawal Dan Ikan Lele
2	Budidaya Ikan Air Tawar
2	Budidaya Ikan Kolam Terpal Bioflog
2	Budidaya Ikan Konsumsi Nila Bawal Lele Patin
2	Budidaya Ikan Nila Dan Emas
2	Buncis
2	Cabai Lokal
2	Camping
2	Catering
2	Cengkeh Kering
2	Cold Storage Nelayan
2	Cumi-Cumi
2	Daging Segar
2	Dapur Mbg
2	Daun Bawang
2	Depot Air Minum
2	Distributor Penyedian Bibit Jagung Dan Obat Obatan Pertanian Jagung
2	Es Batu Kristal
2	Gas 3 Kg
2	Gedung Olah Raga Dan Seni
2	Gerai Kantor
2	Gerai Pupuk
2	Gerobak Pisangku Alesha
2	Getah Karet
2	Gudang Storage
2	Home Industri Makanan Ringan
2	Hotel
2	Hotel Penginapan
2	Id Food
2	Ikan Hasil Tangkapan Nelayan
2	Ikan Laut Asap
2	Ikan Lele
2	Ikan Mas
2	Ikan Nila
2	Ikan Tangkap
2	Ikan Tenggiri
2	Ikan Tongkol
2	Jagung Dan Palawija
2	Jagung Glondong
2	Jagung Kuning
2	Jajanan Kuliner
2	Jambu Mete
2	Jamur Tiram
2	Jasa Bengkel
2	Jasa Kos Kosan Dan Penginapan
2	Jasa Pengangkutan Transportasi
2	Jasa Transportasi Dan Logistik
2	Jasa Tukang Bangunan Atau Mandor
2	Kakao Dan Kelapa
2	Kampung Tenun
2	Kawasan Hutan Mangrove
2	Kayu
2	Kayu Jati
2	Kebun Alpukat
2	Kebun Duren
2	Kebun Kopi Arabica
2	Kebun Nenas
2	Kebun Tomat
2	Kebun Ubi
2	Kebutuhan Gula Pasir 1 Desa
2	Keladi
2	Kelompok Tani
2	Kemiri
2	Kemiri Biji
2	Kencur
2	Kepiting
2	Kerajinan Ayaman
2	Keripik
2	Kios Pupuk Dan Obat Pertanian
2	Kios Pupuk Lengkap Pt Pupuk Indonesia
2	Kol
2	Kontrakan Kost Kosan
2	Kriya/Kerajinan
2	Kubis
2	Kuliner
2	Lahan Tambak
2	Lapangan Futsal Outdoor
2	Lpg
2	Makanan
2	Mesin Penggilingan Padi Dan Penyosohan Betas
2	Minyak Kita 1 Liter
2	Mitra Sppg
2	Mujair
2	Nelayan
2	Olahan Tempe
2	Outlet Gas 3 Kg
2	Pangkalan Gas
2	Pangkalan Minyak Spbu
2	Pangkalan Minyak Tanah
2	Pasir & Batu
2	Paud Tk Lokal
2	Pedagang Enceran Bbm
2	Pedagang Sembako Eceran Dan Partai
2	Pembelian Brondolan Kelapa Sawit Orang Kampung Setempat
2	Pembelian Tbs Sawit
2	Pembersihan Kebun Kelapa Sawit
2	Pembesaran Ikan Air Tawar Di Kolam
2	Pembesaran Lele
2	Penanaman Jagung
2	Penanaman Nilam
2	Penangkapan Ikan
2	Penerima Manfaat Beras Sphp
2	Pengembangan Umkm
2	Pengepul Hasil Pertanian
2	Penggalian Pasir
2	Penggemukan Sapi
2	Pengolahan Sampah Rumah Tangga
2	Penjahit
2	Penjualan Kelapa Muda
2	Penjualan Kue Basah Dan Gorengan
2	Penjualan Pupuk Dan Saprotan
2	Penjualan Pupuk Untuk Tanaman Sawit
2	Penjual Kue Dan Makanan
2	Penyalur Buah Kelapa
2	Penyewaan Ruko Atau Kios
2	Pepaya
2	Percetakan
2	Perdagangan Bahan Bangunan
2	Perdagangan Eceran Kaki Lima Dan Los Pasar Komoditi Sayur Sayuran
2	Perdagangan Eceran Minyak Tanah Dan Bbm
2	Perdagangan Eceran Pupuk Dan Pemberantas Hama
2	Perdagangan Hasil Pertanian Gabah Padi
2	Perdagangan Kebutuhan Pokok
2	Perikanan Balong Ikan Air Tawar
2	Perikanan Budidaya
2	Perikanan Lele Gurami Nila Dan Bawal
2	Perikanan Tangkap Laut
2	Perkebunan Cengkih
2	Perkebunan Jeruk
2	Perkebunan Pinang
2	Perkebunan Rakyat Kelapa Sawit Karet Kelapa
2	Pertambangan Dan Bahan Galian C
2	Pertanian Bawang Merah
2	Pertanian Lahan Kering Hortikultura
2	Pertanian Lengkuas
2	Pertanian Perkotaan Dan Hortikultura
2	Pertanian Tanaman Jagung Cabe Rawit Nilam Tomat
2	Perternakan Ayam
2	Petai Dan Jengkol
2	Petani Cabe
2	Petani Dan Buruh Tani
2	Petani Jagung
2	Petani Nilam
2	Petani Padi Dan Sawah
2	Petani Pala
2	Petani Tanaman Cabe
2	Peternakan Ayam Babi Sapi Bebek Itik Kerbau
2	Peternakan Unggas
2	Peternakan Unggas Ayam Bebek Dll
2	Peternak Bebek
2	Pinang Kering
2	Pisang Kepok
2	Pisang Tanduk
2	Pohon Pisang Dan Buah Pisang
2	Pos Pay Agen
2	Preduksi Batako Bahan Bangunan
2	Produk Minuman
2	Produksi Kayu Bagunan
2	Produk Umkm
2	Pupuk Organik
2	Pupuk Subsidi
2	Rencana Pemberdayaan Produk Umkm
2	Rental Kendaraan Angkut
2	Restoran Rumah Makan
2	Rumah Makan Bakar Ikan
2	Sabun Cuci
2	Sagu Butir
2	Sagu Dan Kelapa
2	Sapi Ayam Kampung Dan Bebek
2	Sapi Pedaging
2	Sarang Walet
2	Sawo
2	Sektor Jasa Dan Industri Mikro
2	Sembako Gas Pupuk
2	Sewa Alat Pesta
2	Spbun Nelayan
2	Spbu Pertalite Biosolar Dan Minyak Tanah
2	Sppg Mbg
2	Sub Pangkalan Lpg Tertentu 3 Kg
2	Tambak Ikan Patin Nila Dan Lele
2	Tambak Lele
2	Tambang Batu Dan Batu Split
2	Tanaman Tembakau
2	Tandan Buah Segar Kelapa Sawit
2	Telur Dan Daging Sap
2	Ternak Ayam Kampung Dan Pedaging
2	Ternak Dan Budi Daya Ikan Lele
2	Ternak Sapi Kambing Ayam
2	Timun
2	Toko Atk Dan Foto Copy
2	Toko Kue
2	Travel
2	Umkm Catering
2	Umkm Kerajinan Dan Makanan Tradisional
2	Umkm Kuliner
2	Umkm Lokal
2	Umkm Makanan
2	Umkm Minuman Tradisional
2	Umkm Sembako Dan Warkop
2	Umkm Warung Warga
2	Unit Usage Koperasi Merah Putih Sembako
2	Usaha Fotokopy
2	Usaha Jasa
2	Usaha Mebel
2	Usaha Pakan
2	Usaha Rumah Kos
2	Warkop
2	Warung
2	Warung Klontong
2	Warung Kopi
2	Warung Nasi Bungkus
2	Warung Pojokan
2	Warung Sembako Rumahan
2	Warung Sembako Rumahan Bukan Di Pasar
2	Wedding Organizer
2	Wisata Alam Mangrove Pasir Putih
2	Wisata Kuliner
2	Wisata Magrove
1	51 Industri Penggilingan Dan Pengolahan Kopi Kbli 10761
1	84 Sulawesi  Dapatkan Aplikasi  Lihat Foto Pt An Wisata Indonesia
1	Agen Bni 46
1	Agen Bsi
1	Agen Laku Pandai Bni Agen 46
1	Agen Lpg 3 Kilogram
1	Agen Mandiri
1	Agen Penyeluran Minyak Tanah Bensin Dan Solar
1	Agen Pulsa
1	Agrowisata Alpukat Dan Durian
1	Air
1	Air Mineral
1	Air Mineral Aquviva
1	Air Minum Bersih Dari Air Permukaan
1	Air Minum Dalam Kemasan Amdk
1	Air Minum Isi Ulang Depot Widya
1	Air Panas Mariarotu
1	Air Terjun Mariarotu
1	Aktivitas Cold Storage
1	Alat Alat Rumah Tangga
1	Alat Tulis Kantor Dan Benda Pos
1	Amanah Digital Print
1	Andika Laundry
1	Aneka Bumbu Dapur
1	Aneka Kue Basah
1	Aneka Produk Kopi Kemasan
1	Anggota Koperasi
1	Anyerah Print Soiution
1	Apotek Atria Farma
1	Apotek Kdmp Sungai Bakau
1	Apotek Salsabila
1	Apotik Obat Klinik
1	Arang Batok Kelapa
1	Arang Batok Kelapa Briket Batok Kelapa
1	Arang Kayu
1	Arang Tempurung
1	Area Parkir
1	Aren
1	Arhan Print Fotocopy
1	Arsy Cell Kalimantan
1	Atsiri Minyak Nilam
1	Ayam Geprek Tinutuan
1	Ayam Kampung Bebek Rumahan
1	Ayam Lokal
1	Ayam Petelur Broi Er
1	Ayam Utuh Segar
1	Azzariah Wedding Syari Toko Peralatan Pesta Pernikahan
1	Bahan Kerajinan Enceng Gondok
1	Bahan Material
1	Bahan Pokok
1	Bakmie
1	Bakso
1	Bakso Pandawa Solo
1	Balqis Laundry
1	Bandeng
1	Bank
1	Barang Kreditan
1	Barber Rock N Roll
1	Basewa Kursi Lipat Meja Lipat Alat Camping
1	Batu Gunung
1	Bawang Nunggal
1	Bayang Kamkung
1	Bbm Bersupsidi
1	Bbm Bersupsidi Untuk Nelayan Dan Jasa Transportasi
1	Bbm Non Subsidi
1	B Cv Printing
1	Bengkel Dan Jual Beli Aksesoris Motor
1	Bengkel Dan Service Kendaraan
1	Bengkel Komplex
1	Bengkel Las Mobil Dan Tambal Ban
1	Bengkel Mobil
1	Bengkel Perawatan
1	Beras Kemasan 5 Kg
1	Beras Kita Premium 5 Kg
1	Beras Mangga Dua
1	Beras Santap Lezat
1	Beras Super
1	Berkah Wangi
1	Besi Bekas
1	Bibit Dan Obat Pertanian
1	Bibit Kakao
1	Bidang Pertanian
1	Biji Kopi
1	Blidonkshop
1	Bni Agen 46
1	Bright Gas Outlet Cell Nisa
1	Brilink
1	Brilink Abdul Muis
1	Buah Ace Kedungpane
1	Buah Mentimun
1	Buah Naga
1	Buah Pepaya
1	Buah Pisang
1	Buah Salak
1	Buah Sawit
1	Bubur Ayam Bandung Teh Ros
1	Budidaya Bibit Tanaman Cabai Terong Daun Sop Dll
1	Budi Daya Ikan Hias Dan Ikan Konsumsi
1	Budidaya Ikan Kambing Sapi
1	Budidaya Jamur Konsumsi
1	Budidaya Jamur Tiram
1	Budidaya Kerang Laut
1	Budidaya Talas Beneng
1	Budidaya Tambak Ikan Dan Udang Paname
1	Budidaya Udang Lobster
1	Bukit/Gunung
1	Bumbu
1	Bumdes
1	Buruh Angkut Padi
1	Burung Angsa
1	Cacao
1	Cagar Budaya
1	Canon Image Runner Advance
1	Cap Tikus Saledo
1	Celluler
1	Cendana Laundry
1	Cilok
1	Cool Storieg
1	Cucian Mobil
1	Cumi Cumi Sotong
1	Cup Noodles
1	Dagang
1	Daging Ayam
1	Danish Stuff Toko Perlengkapan Rumah
1	Dapoer Barokah
1	Dapur Sppg Gizi Nasional
1	Dapur Sppg Suplai Koperasi Merah Putih
1	Dapur Ummi Nasi Kuning Manado
1	Deios Premium Apple Store
1	Depot Air Ro
1	Dermaga Pelabuhan
1	Desa
1	Desain Grafis Dan Percetakan
1	Destinasi Wisata Progo View
1	Disinijo Jprint
1	Distribusi Pemasaran Dan Jasa
1	Distributor Buah Sawit
1	Distributor Kopi
1	Distributor Resmi Minyakita
1	Dki Martabak Mini Gorontalo
1	Dshoes Bar Lodry Sepatu
1	Durian Kane
1	Eceran Sembako Minyak Goreng Gula Telur Beras Dan Kebutuhan Rumah Tangga Lainnya
1	Edukasi
1	Eka Printing
1	Ekowisata Desa
1	Elpiji
1	Exotic Cafe Dan Resto
1	Fhoto Cofy Dan Cetak
1	Filet Dada Ayam
1	Forty Six
1	Fotocopy Sinar Dunia
1	Fotocopy Ukas
1	Fotocopy Yana
1	Fuli Pala
1	Furniture
1	Furniture Kayu Jati
1	Gabah Padi
1	Garam 150 Gr
1	Garam Konsumsi
1	Gas Lpg Subsidi
1	Geowisata
1	Geprek Uyat 2
1	Gorengan Mas Bro
1	Goreng Jagung Gurih
1	Gotong Royong Sosial
1	Greenhouse Melon
1	Griy Khalifa
1	Grosir Bahan Bangunan
1	Grosir Bahan Roti Dan Kue
1	Grosir Pakaian
1	Gudang Ikan
1	Gula Kelapa
1	Gula Pasir Kita 1 Kg
1	Gurita
1	Hasil Bumi Berupa Cengkih Pala Kopra Dll
1	Hasil Kerang Kepiting Laut
1	Hasil Pertanian Cengkeh Coklat Kelapa
1	Hasil Pertanian Pala Kelapa Coklat Serta Pohon Damar
1	Hasil Peternakan Babi Ayam Bebek Sapi
1	Hasil Tangkapan Nelayan Hasil Real Di Luar Tpi
1	Head Office Omefc Jago Inggris
1	Hemonga Food Drink
1	Hidrophonik
1	Home Femmi Djaina
1	Home Industri Kripik Singkong
1	Homestay
1	Hutan Dusun Pala
1	Ikan Air Tawar
1	Ikan Keramba
1	Ikan Terbang
1	Ikan Teri Basah
1	Ikan Tuna
1	Image Runner Canon Klik Fotocopy
1	Industri Kopra
1	Industri Pakaian
1	Industri Rumahan Priduksi Aneka Kue Dan Jajanan
1	Industri Sapu Lidi
1	Investasi
1	I Shoescare
1	Istana Harian
1	Itik Petelor
1	Jagun
1	Jagung Pakan
1	Jagung Pipil
1	Jahe Gajah
1	Jajanan Mama Rosi
1	Jala Apung Ikan Dan Pembibitan Ikan
1	Jasa
1	Jasa Angkutan Multimoda
1	Jasa Cold Storege
1	Jasa Digital Dan Counter Pulsa
1	Jasa Keagenan
1	Jasa Pekerjaan Buruh
1	Jasa Pemeliharaan Dan Pengadaan Cctv
1	Jasa Pengeriman Transoprtasi Laut Jpt
1	Jasa Pengolahan Lahan Pertanian
1	Jasa Penyewaan Sound And Lighting
1	Jasa Perkebunan Kelapa Sawit Pihak Ke Tiga
1	Jasa Pesanan Mebel
1	Jasa Potensi Pasir Dan Batu
1	Jasa Service
1	Jasa Servis Mesin Motor
1	Jasa Transportasi Speed Boat
1	Jasa Wisata Air Panas
1	Jeruk
1	Jeruk Kasturi
1	Jeruk Purut
1	Jeruk Siam
1	Jual Beli Bbm
1	Jual Beli Hasil Bumi Meubel Penjahit Usaha Bengkel
1	Jual Beli Hasil Pertanian
1	Jual Beli Palawija Kerajinan Sapu
1	Jual Berbagagai Sayuran
1	Jual Buah Kelapa Kering Kopra Mariarotu
1	Jual Pulsa
1	Kacang Kedelai
1	Kafe
1	Kain Tenun Ikat
1	Kambing Kacang
1	Kambing Lokal
1	Kambing Pe Peranakan Etawa
1	Kantin Sekolah
1	Kantor Tvri
1	Kapal Penangkap Ikan
1	Kapulaga
1	Katering Snack
1	Kayu Bakar
1	Kayu Putih
1	Kebun Kacang
1	Kebun Kopi Kecil
1	Kebun Nangka
1	Kebun Rica
1	Kebun Singkong
1	Kebutuhan Telor 1 Desa Perbulan
1	Kebutuhan Telur 1 Desa
1	Kedai Kopi
1	Kedai Kopi Dan Kedai Minuman
1	Kedai Sahabat
1	Kedondong
1	Kelapa Cengkeh Pala
1	Kelapa Hiibrida
1	Kelapa Jagung
1	Kelapa Karet Pisang Ubi Kayu Kakao
1	Kelapa Palah Dan Cengke
1	Kelapa Sawit Plasma
1	Kelas Belajar Ronal Hutagalung Learning Center
1	Kelas Les Brilikids Leadership School
1	Kelas Les Kids Clever Gorontalo
1	Kelas Les Prilate Pro
1	Kelinci
1	Kelompok Kuliner
1	Kelontong
1	Kelulut Madu
1	Kemenyan
1	Kemplang
1	Kepadatan Penduduk
1	Kerajinan Dompet Tas Dan Jaket Kulit
1	Kerajinan Keranjang Anyaman Daun Kelapa
1	Kerajinan Rumah Tangga
1	Kerajinan Suntiang
1	Kerajinan Tangan Dan Oleh Oleh
1	Kerang
1	Kerbau Sapi Kambing Ayam Kampung
1	Kerja Sama Angkutan Tbs Kelapa Sawit Psr Mitra Koperasi Tunas Muda
1	Kerupuk Basah
1	Kerupuk Ikan Tongkol
1	Khirania Olishop
1	Kios Dan Warung Harian
1	Kios Dan Warung Harian Warung Makan Minum Dan Rumah Makan Pertokoa Warung Umkm Jajanan Kakimlima Rumak Tangga
1	Kios Fatimah 02
1	Kios Makanan Ternak Unggas
1	Kios Mey
1	Kios Mitra Kopdes Merah Putih Sungai Bakau
1	Kios Pedagang Sayuran Dan Lapak Penjual Ikan
1	Kios Pulsa Service Hp
1	Kios Pupuk
1	Kios Rempah
1	Kios Sembako Minyak
1	Klinik Dan Apotek Desa
1	Kolam Lele
1	Komoditas Kemiri
1	Komoditas Kunyit
1	Komoditas Porang
1	Komoditas Sawit
1	Komoditi Kelapa
1	Komoditi Pinang
1	Komoditi Sembilan Bahan Pokok
1	Komputer Dan Printer
1	Konter Pulsa Dan Aksesoris Hp
1	Kontrakan
1	Konveksi Baju Murah Gorontalo
1	Konveksi Dan Perdagangan
1	Koperasi Serba Usaha
1	Kopi Arabika
1	Kopi Dan Teh Kemasan
1	Kopi Kakau
1	Kopi Robusta
1	Kopi Tubruk 36
1	Kos Dan Penginapan Green House
1	Kos Griya Kiranti
1	Kos Kosan
1	Kos Kosan Nusantara
1	Kost
1	Kost Cahaya Nusa
1	Kost Eja
1	Kost Eliza
1	Kost Hidayah Annisa
1	Kost Maharani
1	Kost Nyaman Dulalowo
1	Kost Putri Cendana Citra Ayu Gorontalo
1	Kost Putri Syariah Nabila
1	Kost Rivadika
1	Kost Turki
1	Kos Wisma Amal 2
1	Kripik Tela Kedungpane
1	Krupuk Miler
1	Kubis Kembang Kol Daun Bawang
1	Kue Kering
1	Kuliner Jajanan Umkm
1	Labu Siam
1	Lahan Karet
1	Lahan Perkebunan
1	Lahan Perternakan Ayam Petelur Dan Pedaging
1	Lahan Tanaman Buah
1	La Khanza Toko Kue Pizza
1	Lapak Gorengan Airin
1	Lapangan Olah Raga
1	Lapang Sepakbola
1	Leasing
1	Lembaga Keungan
1	Lidi Nipah
1	Lidi Sawit
1	Limbah Sekam
1	Loak Jaya Mas Joko
1	Lobster
1	Madu Alam
1	Madu Kelulut
1	Madu Lebah
1	Madu Lebah Ternak
1	Madu Odeng
1	Makan Bergizi Gratis
1	Makan Sehat Gratis Untuk Siswa Sd Smp Dan Sma
1	Mall
1	Mangrove
1	Mario Celluller Gorontalo Store 1
1	Marungge
1	Masjid Tertua Sejarah
1	Melinjo
1	Melshop Gorontalo
1	Mendulang
1	Mente
1	Mentimun
1	Merica
1	Meubel
1	Mie Ayam Mas Bian Cabang Kota
1	Mini Market
1	Minimarket Swalayan
1	Minimarket Swalayan Supermarket
1	Minuman
1	Minuman Per Box
1	Minuman Serbuk
1	Minyak Jelantah
1	Minyak Sawit
1	Minyak Sere Wangi
1	Minyak Tanah
1	Mirna Meubel
1	Misa Mode Toko Baju Wanita
1	Mitra Bayar Ppob
1	Mitra Umum
1	Mobil Rendcar
1	Motor Dan Sepeda Listrik
1	Mulia Food Faction
1	Muraa Supermarket Gorontalo 2
1	Nahla Cell
1	Nanas
1	Nangka
1	Nasi Bulu Sate
1	Nasi Goreng
1	Nasi Uduk
1	Nasi Uduk Rumahan
1	Nelayan pesisir dan laut dalam
1	Nila
1	Nipah
1	Objek Wisata Bahari
1	Olahan Singkong
1	Operasional Koperasi
1	Outlet Rumah Pangan Kita Perum Bulog
1	Pabrik Pembuatan Roti
1	Pabrik Tepung Kelapa
1	Padi Dan Sayuran
1	Padi Gogo
1	Padi Lahan Sawah Teknis
1	Padi Sawah Dan Padi Ladang
1	Pakan Ikan
1	Palados Coffee
1	Pancing Ikan Tengiri
1	Pangkalan Pupuk
1	Pantai
1	Pare
1	Parfum Shop Toko Pakaian
1	Pari
1	Pariwisata Air Terjun Wisata Alam Megalitikum
1	Pariwisata Teluk
1	Pasar Desa
1	Pedagang Ayam Pedaging
1	Pedagang Bakso
1	Pedagang Cemilan
1	Pedagang Grosir
1	Pedagang Kecil Kios
1	Pedagang Keliling
1	Pegadaian
1	Pelabuhan
1	Pelabuhan Kapal
1	Pelabuhan Perikanan
1	Pelabuhan Tol Laut
1	Pembayaran Oline
1	Pembayaran Online Tarik Tunai Dan Transfer
1	Pembenihan Dan Budidaya Ikan Air Tawar
1	Pembenihan Ikan Arwana
1	Pembesaran Ikan
1	Pembibitan Buah
1	Pembibitan Sesuai Potensi Desa Cabai Kubis Tomat
1	Pembuatan Perahu Dan Kapal Kayu
1	Pembuatan Perahu Fiber
1	Pembuatan Telur Asin
1	Pemeliharaan Sapi
1	Pempek
1	Penambangan Batuan
1	Pendidikan Formal Dan Pesantren
1	Pendidikan Kursus Dan Pelatihan
1	Penduduk
1	Penduduk Desa
1	Pengelolaan Air Bersih Masyarakat Desa
1	Pengelolaan Parkir
1	Pengelolaan Sampah
1	Penggalian Batu Hias Dan Batu Bangunan
1	Penghasil Getah Karet
1	Pengolahan Batu Gunung
1	Pengolahan Kardus Bekas
1	Pengrajin
1	Pengrajin Tenun Ikat Khas
1	Pengrajin Tradisioanal Makanan Tradisioan
1	Penjahit Tailors
1	Penjualan Air Mineral
1	Penjualan Alat Pertanian Dan Perikanan
1	Penjualan Aneka Es Buah
1	Penjualan Obat Medis
1	Penjualan Rokok
1	Penjual Buah
1	Penjual Ikan
1	Penjual Krupuk
1	Penjual Nasi Bungkus
1	Penjual Online
1	Penyalur Pupuk Pt Pupuk Indonesia Persero
1	Penyedia Atk
1	Penyedia Pupuk Subsidi
1	Penyedia Sumberdaya Manusia Dan Menejemen Fungsi Sumberdaya Manusia
1	Penyewaan Sound Sistem
1	Penyuplai Bahan Pokok Dapur Mbg
1	Perabot
1	Perahu Tanpa Mesin
1	Percetakan Batu Bata
1	Percetakan Sablon
1	Perdagangan Barang Kebutuhan Pokok Masyarakat Sekitar
1	Perdagangan Dan Kuliner
1	Perdagangan Eceran Alat Tulis Menulis Dan Gambar
1	Perdagangan Eceran Bahan Bakar Minyak Bahan Bakar Gas
1	Perdagangan Eceran Bahan Bakar Minyak Bahan Bakar Gas Bbg Dan Liquefied Petroleum Gas Lpg Selain Di Sarana Pengisian Bahan Bakar Transportasi Darat Laut Dan Udara
1	Perdagangan Eceran Bahan Bakar Minyak Bahan Bakar Gas Dan Liquefied Petroleum Lpg
1	Perdagangan Eceran Barang Dan Obat Farmasi Untuk Manusia Di Apotik
1	Perdagangan Eceran Barang Dan Obat Obatan
1	Perdagangan Eceran Berbagai Macam Barang Seperti Di Minimarket Supermarket
1	Perdagangan Eceran Berbagai Macam Barang Yang Utamanya Bukan Makanan Minuman Atau Tembakau Barang Barang Kelontong Bukan Di Toserba Department Store
1	Perdagangan Eceran Berbagai Macam Barang Yang Utamanya Makanan Minuman Atau Tembakau Bukan Di Minimarket Supermarket Hypermarket Tradisional
1	Perdagangan Eceran Kosmetik Untuk Manusia
1	Perdagangan Eceran Pakan Ternak Unggas Ikan Dan Hewan Piaraan
1	Perdagangan Eceran Pengasapan Ikan
1	Perdagangan Eceran Tanaman Dan Bibit Tanaman
1	Perdagangan Grosir Dan Eceran
1	Perdagangan Minyak Kelapa Kampung
1	Perdagangan Pasar Dan Kuliner Makanan
1	Perdagangan Pupuk
1	Perdagangan Tepung Terigu
1	Perdagangaqn Enceran Barang Lokal Dan Lainya
1	Perdagngan Perlengkapan Nelayan
1	Pergudangan Dan Penyimpanan
1	perikanan benih ikan nila
1	Perikanan Dan Pakan Ikan
1	Perikanan Kolam Tangkap Lokal
1	Perikanan Konsumsi
1	Perikanan Laut
1	Perkebunana
1	Perkebunan Buah Kelapa
1	Perkebunan Kelapa Dan Pala
1	Perkebunan Kelapa Hibrida
1	Perkebunan Kelapa Pala Dan Cengkeh
1	Perkebunan Kopi Dan Coklat
1	Perkebunan Palawijaya
1	Perkebunan Sawit Rakyat Mitra Pt Ptpn Tahap 1 Tunas Muda
1	Perkebunan Sayuran Dan Rica
1	Perkebunan Ubi Dan Jagung
1	Permen Gula Tare
1	Permukiman Dan Infrastruktur Perumahan
1	Persewaan Alat Alat
1	Pertambangan Batu Sungai
1	Pertambangan Emas Tradisional
1	Pertambangan Rakyat Batubara
1	Pertanian Aneka Umbi Palawija
1	Pertanian Dan Pengembangan Kewirausahaan Umkm
1	Pertanian Kacang Tanah
1	Pertanian Padi Jagung Ketela Pohon
1	Pertanian Padi Jagung Singkong Dan Lai Lain
1	Pertanian Padi Sayuran Palawija
1	Pertanian Perkebunan Dan Perternakan
1	Pertanian Sawah
1	Pertanian Sawah Dan Peternakan Ayam Dan Kambing
1	Pertanian Sayuran Buah Dan Aneka Umbi Lainnya
1	Pertanian Tanaman Pakan Ternak Kbli 01191
1	Pertanian Tanaman Pangan
1	Pertanian Tanaman Pangan Dan Holtikultur Pertenakan Unggas Ternak Kecil Ternak Besar Dan Perikanan Air Tawar
1	Pertanian Tanaman Rempah Rempah Aromatik Dan Obat Lainnya
1	Perternakan Sapi Dan Kambing
1	Pertokoan
1	Perumahan
1	Petani Buah Semangka
1	Petani Cabe Merah
1	Petani Cingkeh
1	Petani Kelapa
1	Petani Kelapa Petani Pala Dan Petani Cengkeh
1	Petani Lokal Gorontalo
1	Petani Tambak
1	Peternakan Ayam Broiler
1	Peternakan Ayam Petelur Skala Rumahan
1	Peternakan Penggemukan Sapi
1	Peternak Ayam Potong
1	Peternak Ayam Potong Permusim Panen
1	Peternak Kelinci
1	Petsin Sasa 100 Gr
1	Photografer
1	Pido Kopi
1	Pisang Ambon Dan Pisang
1	Pisang Goreng
1	Pisang Jantan
1	Pohon Alpukat
1	Pohon Durian
1	Pohon Kenari
1	Pohon Limau
1	Pohon Nipah
1	Pohon Pete
1	Pohon Sukun
1	Polindes Posyandu
1	Pom Mini
1	Pondok Makan Kopi Li Aba
1	Pos Honda Dulalowo
1	Potensi Wisata Alam Dan Danau
1	Praktik Bidan Mandiri
1	Produk Kerajinan Anyaman Bambu
1	Produksi Gerabah
1	Produksi Kopra
1	Puncak Wakila
1	Pupuk Dan Pestisida
1	Pupuk Pestisida Dan Alat Pertanian
1	Pusat Perdagangan Dan Jasa
1	Puskesmas
1	Queen Laundry Awara
1	Queen Streetfood Gto
1	Raja Cuci
1	Raja Gula
1	Rajungan
1	Rc Motor
1	Remaja Masjid
1	Rencana Wisata Kuliner
1	Rental Komputer
1	Rental Mobil
1	Rental Mobil Dan Motor
1	Reparasi Motor
1	Reparasi Sofa Bengkel Jok Kursi Mobil
1	Restauran Cafe Rumah Makan Dan Perdangana Ritel
1	Restoran Dan Warung Kopi
1	Ritel Dan Kelontong
1	Rm Ayam Geprek Akbar Ali
1	Rm Ayam Geprek Tiar
1	R M Bakso Rejo
1	Rm Kedai Juragan
1	Rm Lontong Sayur Gorontalo
1	R M Pisgor 99
1	Rm Warowe Sii Bungsu
1	Roti Pisang
1	Rtrw Net
1	Rumah Pemotongan Hewan
1	Rumah Potong Hewan Non Unggas
1	Rumah Roti Holly
1	Rumah Tangga Dan Pasar
1	Rumah Tepi Sawah Dr Tony Doda
1	Rumput Laut Sargasum
1	Sagu
1	Sahid Id
1	Salak Pondoh
1	Salon Dan Babershop Lidya
1	Saprodi
1	Saprotikan
1	Sarana Olahraga
1	Sate Ayam Cak Ichal
1	Satuan Pelayanan Pemenuhan Gizi Sppg
1	Sawah Irigasi
1	Sawi Putih
1	Sawit Dan Kakao
1	Sayuran Hidroponik
1	Sayuran Kangkung
1	Sayur Dan Buah Buah An
1	Sayur Selada Air
1	Sayur Terong
1	Sbt Coffe
1	Script Coffe
1	Segala Jenis Keripik
1	Sekolah Dasa
1	Sekolah Sma Smk
1	Sekolah Smp
1	Sektor Industri Kecil Dan Kerajinan Rumah Tangga
1	Seledri
1	Sembako Non Beras
1	Serai
1	Serat Sabut Kelapa
1	She Salon Spq Wedding
1	Siput
1	Sky Pool Billiard Gorontalo
1	Snack Kerupuk
1	Snack Umkm
1	Soklin
1	Sopir
1	Sotong
1	Stroberi
1	Sukun
1	Sulingan Nilam
1	Sulthan Digital Perfection
1	Sungai
1	Sungai Wisata Air
1	Sunlight
1	Supplier Sayuran Segar
1	Susu
1	Tahu
1	Tahu Pedas Gorontalo
1	Talas
1	Tambak Ikan
1	Tambak Ikan Bolu Dan Udang
1	Tambak Ikan Laut Dan Payau
1	Tambang
1	Tambang Batu Gamping
1	Tambang Batukapur
1	Tambang Batu Marmer
1	Tambang Emas
1	Tambang Galian C
1	Tambang Ore
1	Tambang Pasir Dan Batu Warna
1	Tambang Rakyat Emas
1	Tambatan Kapal
1	Tampal Ban
1	Tampan Baber Shop
1	Tanah Sawah
1	Tanaman Biofarmaka
1	Tanaman Cabe
1	Tanaman Hias
1	Tanaman Holtikultura Sayuran
1	Tanaman Hortikultura
1	Tanaman Obat Obatan Untuk Keluarga Toga
1	Tanratuo 07
1	Tapioka
1	Telur Itik
1	Telur Puyuh
1	Tempat Nala Kopi
1	Tempat Wisata
1	Tempurung Kelapa
1	Tenaga Kerja
1	Tenda Kursi Soundsystem Catering
1	Tenun Tradisional
1	Tepung Ikan
1	Ternak
1	Terong Dan Kangkung
1	Terop
1	Teruk Tkbm
1	Three S Barbershop
1	Toke Atau Kelapa
1	Toke Atau Pengepul Sawit
1	Token LIstrik
1	Toke Pinang
1	Toko Akademia Sport
1	Toko Aksesoris Kendaraan
1	Toko Aneka Buah
1	Toko Bahan Bangunan Kecil
1	Toko Barang Harian
1	Toko Besi Dan Bangunan
1	Toko Elektronik
1	Toko Gembira Houseware
1	Toko Grosir
1	Toko Handphone
1	Toko Istana Parfum
1	Toko Mekar Jaya Bangunan
1	Toko Pakaian
1	Toko Pertanian
1	Toko Swalayan
1	Toko Warung Kelontong Grocery Store Stall
1	Toserba
1	Tracking/Trekking
1	Traktor
1	Tranportasi
1	Transportasi Air Taksi Motor Angkutan Barang Dan Orang
1	Tripang Atau Timun Laut
1	Truck Ekpedisi
1	Tuna
1	Ubi Banggai
1	Ubi Kayu Ketela
1	Ubi Tals Keladi
1	Udang Banana Laut
1	Ud Wahyu Gorontalo Toko Perlengkapan Pengepakan
1	Umbi Umbian
1	UMK
1	Umkm Amplang
1	Umkm Aneka Rajut
1	Umkm Aneka Rendang
1	Umkm Baso Dan Mieyam
1	Umkm Es Dawet
1	Umkm Kerajinan Gerabah
1	Umkm Kerajinan Tenun Ikat
1	Umkm Keripik Tempe
1	Umkm Kripik Ubi
1	Umkm Kuliner Dan Bakery
1	Umkm Mandiri Warga
1	Umkm Olahan Buah Buahan
1	Umkm Olahan Keripik Singkong
1	Umkm Olahan Kerupuk
1	Umkm Pembuatan Tempe
1	Umkm Pembuat Kue
1	Umkm Penunjang
1	Umkm Pertanian Peternakan
1	Umkm Perumahan
1	Umkm Roti
1	Umkm Roti Goreng
1	Umkm Usaha Kos Kedai Kopi
1	Umkn
1	Unggas
1	Unilever
1	Urban Farming
1	Usaha Bengkel Dan Suku Cadang
1	Usaha Jajanan Umkm Rumahan
1	Usaha Jasa Internet Dan Warnet
1	Usaha Jasa Konveksi
1	Usaha Loudry
1	Usaha Minuman Ringan
1	Usaha Pembuatan Pengolahan Kue Basah Rumahan
1	Usaha Perbengkelan Motor
1	Usaha Rumah Kos Mahasiswa
1	Usaha Tahu Tempe
1	Vaname
1	Warna Rasa
1	Warsip Uslap
1	Warsun Bu Lis
1	Warung Kopi Angkringan Malam
1	Warung Kuliner
1	Warung Makan Dan Kuliner
1	Warung Makan Kuliner Rumahan
1	Warung Makan Minum Dan Rumah Makan
1	Warung Makan Moro Seneng Mas Supriadi
1	Warung Pangan Idfood
1	Warung Sayur
1	Warung Soto
1	Wifi
1	Wifi Internet
1	Wiraswasta Pedagang
1	Wisata Air
1	Wisata Air Pacu Prahu Dan Pemancingan Kalibuntu
1	Wisata Aterfak
1	Wisata Danau Biru
1	Wisata Edukasi
1	Wisata Hutan Mangrove Sungai Bakau
1	Wisata Pegunungan
1	Wisata Rekreasi Air
1	Wisata Religi
1	Wisata Sumber Mata Air
1	W M Bunmel
1	W M Mama Linda
1	Wong Solo Mas Agung
1	Wortel
1	W R Jember